latitude,longitude,acq_date,acq_time,satellite,instrument,confidence,frp,daynight,datetime,timezone,localtime,time_diff,diff_class,rlocaltime,index_right,CUT,reg_order,reg,prov,com,nom_minrel,nom_order
-22.33,-68.875,2026-10-02,0017,G19FRP,GOES,75.0,"9,90",D,2026-10-02 00:17,America/Santiago,2026-10-01 21:17,"23,70",24,2026-10-01 21:20,236.0,2201.0,3.0,Antofagasta,El Loa,Calama,ANTOF,02 Antofagasta
-22.329,-68.895,2026-10-02,0017,G19FRP,GOES,76.0,"12,00",D,2026-10-02 00:17,America/Santiago,2026-10-01 21:17,"23,70",24,2026-10-01 21:20,236.0,2201.0,3.0,Antofagasta,El Loa,Calama,ANTOF,02 Antofagasta
-22.31882,-68.88174,2026-10-02,0504,N21,VIIRS,n,"1,69",N,2026-10-02 05:04,America/Santiago,2026-10-02 02:04,"18,92",24,2026-10-02 02:10,236.0,2201.0,3.0,Antofagasta,El Loa,Calama,ANTOF,02 Antofagasta
-23.82312,-70.31782,2026-10-02,0504,N21,VIIRS,n,"1,26",N,2026-10-02 05:04,America/Santiago,2026-10-02 02:04,"18,92",24,2026-10-02 02:10,239.0,2101.0,3.0,Antofagasta,Antofagasta,Antofagasta,ANTOF,02 Antofagasta
-22.31546,-68.88154,2026-10-02,0540,N,VIIRS,n,"4,97",N,2026-10-02 05:40,America/Santiago,2026-10-02 02:40,"18,32",24,2026-10-02 02:40,236.0,2201.0,3.0,Antofagasta,El Loa,Calama,ANTOF,02 Antofagasta
-23.82237,-70.31737,2026-10-02,0540,N,VIIRS,n,"1,27",N,2026-10-02 05:40,America/Santiago,2026-10-02 02:40,"18,32",24,2026-10-02 02:40,239.0,2101.0,3.0,Antofagasta,Antofagasta,Antofagasta,ANTOF,02 Antofagasta
-23.8255,-70.3186,2026-10-02,0559,N20,VIIRS,n,"1,28",N,2026-10-02 05:59,America/Santiago,2026-10-02 02:59,"18,00",24,2026-10-02 03:00,239.0,2101.0,3.0,Antofagasta,Antofagasta,Antofagasta,ANTOF,02 Antofagasta
-22.31224,-68.88741,2026-10-02,0559,N20,VIIRS,n,"0,76",N,2026-10-02 05:59,America/Santiago,2026-10-02 02:59,"18,00",24,2026-10-02 03:00,236.0,2201.0,3.0,Antofagasta,El Loa,Calama,ANTOF,02 Antofagasta
-22.31244,-68.88679,2026-10-02,0559,N20,VIIRS,n,"1,61",N,2026-10-02 05:59,America/Santiago,2026-10-02 02:59,"18,00",24,2026-10-02 03:00,236.0,2201.0,3.0,Antofagasta,El Loa,Calama,ANTOF,02 Antofagasta
-22.31643,-68.8833,2026-10-02,0559,N20,VIIRS,n,"1,61",N,2026-10-02 05:59,America/Santiago,2026-10-02 02:59,"18,00",24,2026-10-02 03:00,236.0,2201.0,3.0,Antofagasta,El Loa,Calama,ANTOF,02 Antofagasta
-22.329,-68.895,2026-10-02,0627,G19FRP,GOES,68.0,"11,70",D,2026-10-02 06:27,America/Santiago,2026-10-02 03:27,"17,54",24,2026-10-02 03:30,236.0,2201.0,3.0,Antofagasta,El Loa,Calama,ANTOF,02 Antofagasta
-20.447588,-69.529793,2026-10-02,1550,G19,GOES,10.0,"63,64",D,2026-10-02 15:50,America/Santiago,2026-10-02 12:50,"8,15",12,2026-10-02 12:50,242.0,1401.0,2.0,Tarapacá,Tamarugal,Pozo Almonte,TPCA,01 Tarapacá
-20.467766,-69.528908,2026-10-02,1600,G19,GOES,30.0,"104,97",D,2026-10-02 16:00,America/Santiago,2026-10-02 13:00,"7,99",12,2026-10-02 13:00,242.0,1401.0,2.0,Tarapacá,Tamarugal,Pozo Almonte,TPCA,01 Tarapacá
-22.31848,-68.88243,2026-10-02,1732,N21,VIIRS,h,"19,31",D,2026-10-02 17:32,America/Santiago,2026-10-02 14:32,"6,45",12,2026-10-02 14:40,236.0,2201.0,3.0,Antofagasta,El Loa,Calama,ANTOF,02 Antofagasta
-22.31607,-68.8821,2026-10-02,1732,N21,VIIRS,h,"17,25",D,2026-10-02 17:32,America/Santiago,2026-10-02 14:32,"6,45",12,2026-10-02 14:40,236.0,2201.0,3.0,Antofagasta,El Loa,Calama,ANTOF,02 Antofagasta
-19.853378,-68.538841,2026-10-02,1810,G19,GOES,10.0,"90,09",D,2026-10-02 18:10,America/Santiago,2026-10-02 15:10,"5,82",6,2026-10-02 15:10,27.0,1405.0,2.0,Tarapacá,Tamarugal,Pica,TPCA,01 Tarapacá
-19.845,-68.546,2026-10-02,1816,G19FRP,GOES,96.0,"68,70",D,2026-10-02 18:16,America/Santiago,2026-10-02 15:16,"5,72",6,2026-10-02 15:20,27.0,1405.0,2.0,Tarapacá,Tamarugal,Pica,TPCA,01 Tarapacá
-19.853378,-68.538841,2026-10-02,1820,G19,GOES,30.0,"66,49",D,2026-10-02 18:20,America/Santiago,2026-10-02 15:20,"5,65",6,2026-10-02 15:20,27.0,1405.0,2.0,Tarapacá,Tamarugal,Pica,TPCA,01 Tarapacá
-19.845,-68.546,2026-10-02,1826,G19FRP,GOES,91.0,"50,30",D,2026-10-02 18:26,America/Santiago,2026-10-02 15:26,"5,55",6,2026-10-02 15:30,27.0,1405.0,2.0,Tarapacá,Tamarugal,Pica,TPCA,01 Tarapacá
-35.33482,-71.76377,2026-10-02,1826,N20,VIIRS,n,"6,10",D,2026-10-02 18:26,America/Santiago,2026-10-02 15:26,"5,55",6,2026-10-02 15:30,41.0,7107.0,9.0,Maule,Talca,Pencahue,MAULE,07 Maule
-17.64395,-69.60602,2026-10-02,1830,N20,VIIRS,l,"4,28",D,2026-10-02 18:30,America/Santiago,2026-10-02 15:30,"5,49",6,2026-10-02 15:30,164.0,15202.0,1.0,Arica y Parinacota,Parinacota,General Lagos,AyP,15 Arica y Parinacota
-17.64118,-69.60597,2026-10-02,1830,N20,VIIRS,n,"3,30",D,2026-10-02 18:30,America/Santiago,2026-10-02 15:30,"5,49",6,2026-10-02 15:30,164.0,15202.0,1.0,Arica y Parinacota,Parinacota,General Lagos,AyP,15 Arica y Parinacota
-35.33309,-71.7596,2026-10-02,1910,N21,VIIRS,n,"9,43",D,2026-10-02 19:10,America/Santiago,2026-10-02 16:10,"4,82",6,2026-10-02 16:10,41.0,7107.0,9.0,Maule,Talca,Pencahue,MAULE,07 Maule
-35.33496,-71.76138,2026-10-02,1947,N,VIIRS,n,"2,68",D,2026-10-02 19:47,America/Santiago,2026-10-02 16:47,"4,20",6,2026-10-02 16:50,41.0,7107.0,9.0,Maule,Talca,Pencahue,MAULE,07 Maule
