id,temporada,nombre,estado,num_reg,reg_id,f_inicio,f_control,f_extincion,f_deteccion,f_aviso,f_despacho,f_salida,f_arribo,f_ataque,sup_total,lat,lon,ambito,comb_inicial,snaspe,comuna,provincia,region,reg_order,nom_order,fmt_inicio,dia_nom,rango_hora,sha2_ultimo_poligono
881434701,2026,LAS MISIONES // BB,Extinguido,1,8,2026-07-02 12:18,2026-07-02 13:30,2026-07-02 17:19,2026-07-02 12:20,2026-07-02 12:21,2026-07-02 12:22,2026-07-02 12:22,2026-07-02 12:42,2026-07-02 12:45,"0,15",-38.36298751831055,-73.501953125,CONAF,Matorral,,Tirúa,Arauco,Biobío,11,08 Biobío,2026-07-02 12:18:00,jueves,13,
882126113,2026,ESCUADRON ALTO,Extinguido,1,8,2026-07-04 10:55,2026-07-04 14:36,2026-07-04 17:10,2026-07-04 10:56,2026-07-04 10:57,2026-07-04 10:58,2026-07-04 11:00,2026-07-04 14:00,2026-07-04 14:10,"0,01",-36.981109619140625,-73.12083435058594,Empresa,,,Coronel,Concepción,Biobío,11,08 Biobío,2026-07-04 10:55:00,sábado,11,
882338322,2026,PANAMERICANA RUTA 5 NORTE KM 95 OCOA,Extinguido,2,5,2026-07-07 10:15,2026-07-07 11:32,2026-07-07 11:33,2026-07-07 10:16,2026-07-07 10:18,2026-07-07 10:20,2026-07-07 10:20,2026-07-07 10:35,2026-07-07 10:35,"0,20",-32.83427047729492,-71.05979919433594,CONAF,Pastizal,,Hijuelas,Quillota,Valparaíso,6,05 Valparaíso,2026-07-07 10:15:00,martes,11,663ebadfa6bb2487476cdb730c0629c4f295f9682f1b5358e5b83a3108a12698
882396236,2026,CASONA - PEñABLANCA,Extinguido,3,5,2026-07-07 16:10,2026-07-07 17:53,2026-07-07 18:18,2026-07-07 16:14,2026-07-07 16:15,2026-07-07 16:16,2026-07-07 16:17,2026-07-07 16:25,2026-07-07 16:25,"3,00",-33.04617691040039,-71.32015228271484,CONAF,Pastizal,,Villa Alemana,Marga Marga,Valparaíso,6,05 Valparaíso,2026-07-07 16:10:00,martes,17,4ab0f15cb64107c4717e0396cb4ce484a38e59ac6c739ab201ed7ef691369e25
882559294,2026,LA PALMA,Extinguido,1,6,2026-07-08 11:54,2026-07-08 14:55,2026-07-08 16:00,2026-07-08 11:56,2026-07-08 11:56,2026-07-08 11:57,2026-07-08 11:57,2026-07-08 12:10,2026-07-08 12:10,"0,70",-33.98374938964844,-70.65985870361328,CONAF,Matorral,,Mostazal,Cachapoal,O'Higgins,8,06 O'Higgins,2026-07-08 11:54:00,miércoles,12,
882746665,2026,QUEBRADA INFIERNILLO,Extinguido,1,4,2026-07-09 10:00,2026-07-09 17:45,2026-07-13 14:45,2026-07-09 10:15,2026-07-09 10:20,2026-07-09 12:16,2026-07-09 12:16,2026-07-09 12:20,2026-07-09 12:20,"0,03",-31.958417892456055,-71.29428100585938,CONAF,Matorral,,Los Vilos,Choapa,Coquimbo,5,04 Coquimbo,2026-07-09 10:00:00,jueves,11,
882190717,2026,QUEBRADA LOS BUEYES,Extinguido,1,7,2026-07-06 14:35,,2026-07-09 13:00,2026-07-06 14:38,2026-07-06 14:40,2026-07-06 15:15,2026-07-06 15:15,2026-07-07 11:30,,"2,00",-36.171112060546875,-71.25250244140625,CONAF,Arbolado natural,,Longaví,Linares,Maule,9,07 Maule,2026-07-06 14:35:00,lunes,15,
883463043,2026,CUESTA PARRAL,Extinguido,2,6,2026-07-12 20:30,2026-07-13 15:19,2026-07-13 15:20,2026-07-12 20:34,2026-07-12 20:43,2026-07-13 09:00,2026-07-13 09:00,2026-07-13 12:00,2026-07-13 14:15,"0,30",-34.22532653808594,-71.09282684326172,CONAF,Pastizal,,Las Cabras,Cachapoal,O'Higgins,8,06 O'Higgins,2026-07-12 20:30:00,domingo,21,
883520209,2026,FUNDO EL MOLLAR,Extinguido,2,4,2026-07-13 13:00,2026-07-13 15:00,2026-07-13 15:15,2026-07-13 13:14,2026-07-13 13:15,2026-07-13 13:16,2026-07-13 13:28,2026-07-13 14:13,2026-07-13 14:16,"0,05",-31.86477279663086,-71.36865997314453,CONAF,Pastizal,,Los Vilos,Choapa,Coquimbo,5,04 Coquimbo,2026-07-13 13:00:00,lunes,14,
884273580,2026,CANCHA CAMIÑA,Extinguido,1,1,2026-07-16 21:15,2026-07-17 01:46,2026-07-17 06:30,2026-07-16 21:25,2026-07-16 21:30,,,,,"0,26",-19.313034057617188,-69.42363739013672,CONAF,Pastizal,,Camiña,Tamarugal,Tarapacá,2,01 Tarapacá,2026-07-16 21:15:00,jueves,22,
883519473,2026,CUESTA PARRAL 1,Extinguido,3,6,2026-07-12 21:00,,2026-07-17 11:11,2026-07-13 14:55,2026-07-13 15:00,,,,,"0,40",-34.207435607910156,-71.08458709716797,CONAF,Pastizal,,Las Cabras,Cachapoal,O'Higgins,8,06 O'Higgins,2026-07-12 21:00:00,domingo,22,
884291297,2026,BORDE RIO,Extinguido,2,1,2026-07-17 14:31,2026-07-17 18:45,2026-07-20 09:58,,2026-07-17 14:31,,,,,"0,97",-19.313785552978516,-69.42735290527344,CONAF,,,Camiña,Tamarugal,Tarapacá,2,01 Tarapacá,2026-07-17 14:31:00,viernes,15,
883923100,2026,HACIENDA LOS CONDORES,Extinguido,3,4,2026-07-15 15:00,,2026-07-23 15:00,2026-07-15 15:16,2026-07-15 15:17,2026-07-15 15:17,2026-07-15 15:23,2026-07-15 15:23,,"0,01",-32.14400100708008,-71.30569458007812,CONAF,,,Los Vilos,Choapa,Coquimbo,5,04 Coquimbo,2026-07-15 15:00:00,miércoles,16,
884061360,2026,CANCHA LOS CALEOS,Extinguido,4,5,2026-07-16 03:38,2026-07-16 04:56,2026-07-16 04:57,2026-07-16 03:39,2026-07-16 03:40,2026-07-16 03:41,2026-07-16 03:45,2026-07-16 04:09,2026-07-16 04:11,"3,00",-32.649993896484375,-71.19573974609375,CONAF,Pastizal,,Nogales,Quillota,Valparaíso,6,05 Valparaíso,2026-07-16 03:38:00,jueves,4,
886951614,2026,RUTA A-235 KM 156,Extinguido,2,15,2026-07-31 09:29,,2026-08-03 09:47,,2026-07-31 09:29,,,,,"0,03",-18.3808650970459,-69.23509979248047,CONAF,,Las Vicuñas,Putre,Parinacota,Arica y Parinacota,1,15 Arica y Parinacota,2026-07-31 09:29:00,viernes,10,
887400266,2026,RUTA 319 KM 41340,Extinguido,1,15,2026-08-02 17:15,,2026-08-04 12:26,,2026-08-02 17:15,,,,,"0,10",-18.851207733154297,-69.28372955322266,CONAF,,,Putre,Parinacota,Arica y Parinacota,1,15 Arica y Parinacota,2026-08-02 17:15:00,domingo,18,
887959332,2026,SANTA FILOMENA,Extinguido,5,5,2026-08-05 12:40,2026-08-05 14:24,2026-08-05 14:24,2026-08-05 12:42,2026-08-05 12:44,2026-08-05 12:48,2026-08-05 12:57,2026-08-05 13:13,2026-08-05 13:14,"0,30",-32.976192474365234,-71.16725158691406,CONAF,Matorral,,Olmué,Marga Marga,Valparaíso,6,05 Valparaíso,2026-08-05 12:40:00,miércoles,13,
887959266,2026,SAXAMAR,Extinguido,4,15,2026-08-05 12:45,2026-08-05 15:07,2026-08-05 21:04,2026-08-05 12:45,2026-08-05 12:45,,2026-08-05 13:30,2026-08-05 13:00,,"5,00",-18.54604148864746,-69.48149108886719,CONAF,,,Putre,Parinacota,Arica y Parinacota,1,15 Arica y Parinacota,2026-08-05 12:45:00,miércoles,13,
888746257,2026,PUTRE 9-8-2026,Extinguido,6,15,2026-08-09 09:00,2026-08-09 12:38,2026-08-10 09:13,2026-08-09 09:50,2026-08-09 11:49,,,,,"2,00",-18.19028663635254,-69.56095886230469,CONAF,,Lauca,Putre,Parinacota,Arica y Parinacota,1,15 Arica y Parinacota,2026-08-09 09:00:00,domingo,10,
889125806,2026,TARAPACÁ,Extinguido,3,1,2026-08-10 00:00,2026-08-10 05:30,2026-08-10 07:30,2026-08-10 00:10,2026-08-10 00:11,2026-08-10 00:11,2026-08-10 00:12,2026-08-10 00:25,2026-08-10 00:35,"0,15",-19.924245834350586,-69.50605010986328,CONAF,Matorral,,Huara,Tamarugal,Tarapacá,2,01 Tarapacá,2026-08-10 00:00:00,lunes,1,
885410326,2026,YARú,Extinguido,1,2,2026-07-03 11:05,2026-07-03 13:49,2026-07-23 12:20,2026-07-03 11:05,2026-07-03 11:07,,,,2026-07-03 11:18,"3,00",-22.470808029174805,-68.95372009277344,CONAF,Pastizal,,Calama,El Loa,Antofagasta,3,02 Antofagasta,2026-07-03 11:05:00,viernes,12,96786fed748f9f163ec6bb2cd52a999a9d7aff0c3e46a6185ec05e4646941219
891080684,2026,CHORRILLO,Extinguido,1,16,2026-08-21 14:26,2026-08-24 12:45,2026-08-25 09:21,2026-08-21 14:28,2026-08-21 14:29,2026-08-21 14:47,2026-08-21 14:47,2026-08-21 18:13,2026-08-22 11:30,"7,90",-36.30527877807617,-72.78583526611328,CONAF,Desechos,,Cobquecura,Itata,Ñuble,10,16 Ñuble,2026-08-21 14:26:00,viernes,15,
892987017,2026,LAS LOMAS HJ.B,Extinguido,2,7,2026-07-09 20:59,2026-07-10 01:21,2026-07-28 11:52,2026-07-09 20:59,2026-07-09 20:59,2026-07-09 21:00,2026-07-09 21:28,2026-07-10 00:37,2026-07-10 01:00,"0,01",-35.46083450317383,-71.14138793945312,Empresa,Matorral,,San Clemente,Talca,Maule,9,07 Maule,2026-07-09 20:59:00,jueves,21,
891080320,2026,ANGOSTURA,Extinguido,1,9,2026-08-21 13:38,2026-08-21 14:23,2026-08-21 14:25,2026-08-21 13:39,2026-08-21 13:40,2026-08-21 13:42,2026-08-21 13:42,2026-08-21 13:50,2026-08-21 13:50,"0,50",-39.383331298828125,-71.69583129882812,CONAF,Desechos,,Curarrehue,Cautín,La Araucanía,12,09 La Araucanía,2026-08-21 13:38:00,viernes,14,
888181509,2026,COLPITA,Extinguido,5,15,2026-08-06 13:00,,2026-08-10 08:58,2026-08-06 13:10,2026-08-06 14:31,,2026-08-06 14:20,2026-08-06 16:00,,"10,00",-17.927244186401367,-69.4271011352539,CONAF,,,General Lagos,Parinacota,Arica y Parinacota,1,15 Arica y Parinacota,2026-08-06 13:00:00,jueves,14,
893419859,2026,TICNAMAR,Extinguido,7,15,2026-09-02 11:09,2026-09-02 15:11,2026-09-02 15:19,,2026-09-02 11:09,,,,,"1,00",-18.586301803588867,-69.48995208740234,CONAF,Matorral,,Putre,Parinacota,Arica y Parinacota,1,15 Arica y Parinacota,2026-09-02 11:09:00,miércoles,12,
889675553,2026,2 - LIBUN L-2A (PARTICULAR),Extinguido,2,7,2026-08-12 16:35,2026-08-12 16:55,2026-08-13 11:09,2026-08-12 16:35,2026-08-12 16:35,2026-08-12 16:35,2026-08-12 16:35,2026-08-12 16:35,2026-08-12 16:35,"2,40",-35.31444549560547,-71.89611053466797,CONAF,Matorral,,Pencahue,Talca,Maule,9,07 Maule,2026-08-12 16:35:00,miércoles,17,
887958668,2026,CHAPIQUñA,Extinguido,3,15,2026-08-05 11:58,2026-08-05 12:31,2026-08-05 21:06,,2026-08-05 11:58,,2026-08-05 11:50,,,"1,00",-18.3936824798584,-69.5244140625,CONAF,,Lauca,Putre,Parinacota,Arica y Parinacota,1,15 Arica y Parinacota,2026-08-05 11:58:00,miércoles,12,
894162389,2026,CURANILAHUE 1,Extinguido,4,9,2026-09-05 15:52,2026-09-05 18:20,2026-09-05 18:22,2026-09-05 15:52,2026-09-05 15:54,2026-09-05 15:54,2026-09-05 15:55,2026-09-05 16:05,2026-09-05 16:06,"0,02",-38.45222091674805,-72.27555847167969,CONAF,Pastizal,,Lautaro,Cautín,La Araucanía,12,09 La Araucanía,2026-09-05 15:52:00,sábado,16,
894761537,2026,TRALCAL,Extinguido,7,9,2026-09-07 18:39,2026-09-07 20:03,2026-09-07 20:03,2026-09-07 18:40,2026-09-07 18:42,2026-09-07 18:42,2026-09-07 18:42,2026-09-07 18:58,2026-09-07 18:58,"0,01",-38.76216125488281,-72.48939514160156,CONAF,Matorral,,Padre Las Casas,Cautín,La Araucanía,12,09 La Araucanía,2026-09-07 18:39:00,lunes,19,
894749735,2026,COIRON,Extinguido,4,4,2026-09-06 12:27,2026-09-08 10:40,2026-09-08 12:42,2026-09-06 12:37,2026-09-06 12:38,2026-09-06 12:39,2026-09-06 12:39,2026-09-06 13:37,2026-09-06 13:40,"5,60",-31.898056030273438,-70.76708221435547,CONAF,Pastizal,,Salamanca,Choapa,Coquimbo,5,04 Coquimbo,2026-09-06 12:27:00,domingo,13,988ae99adf213f0f23f670c82b9db1af4414937cedb631b2c3870daaad389e5d
894778032,2026,CALETA VITOR,Extinguido,8,15,2026-09-05 21:00,,2026-09-08 14:49,2026-09-05 21:05,2026-09-07 14:44,,,,,"2,00",-18.751005172729492,-70.33480072021484,CONAF,Arbolado natural,,Arica,Arica,Arica y Parinacota,1,15 Arica y Parinacota,2026-09-05 21:00:00,sábado,22,
893916262,2026,HUMEDAL RAQUI//BB,Extinguido,2,8,2026-09-04 13:41,2026-09-04 16:17,2026-09-07 13:02,2026-09-04 13:43,2026-09-04 13:44,2026-09-04 13:45,2026-09-04 13:45,2026-09-04 13:50,2026-09-04 13:50,"1,50",-37.239715576171875,-73.44786071777344,CONAF,Pastizal,,Arauco,Arauco,Biobío,11,08 Biobío,2026-09-04 13:41:00,viernes,14,
881424126,2026,LOS MAITENES,Extinguido,1,5,2026-07-02 13:22,2026-07-02 15:05,2026-07-02 16:17,2026-07-02 13:26,2026-07-02 13:28,2026-07-02 13:29,2026-07-02 13:29,2026-07-02 13:41,2026-07-02 13:42,"1,90",-32.860389709472656,-71.10108184814453,CONAF,Pastizal,,Hijuelas,Quillota,Valparaíso,6,05 Valparaíso,2026-07-02 13:22:00,jueves,14,c5f1fcf687807a40ffc72dea3225adbe8366fe3f144871b220bafbbc4cde0fb6
895044436,2026,ALTO DE PUCALAN,Extinguido,6,5,2026-09-09 16:13,2026-09-09 18:43,2026-09-10 11:06,2026-09-09 16:16,2026-09-09 16:17,2026-09-09 16:22,2026-09-09 16:34,2026-09-09 16:52,2026-09-09 16:53,"0,01",-32.67777633666992,-71.23999786376953,CONAF,Desechos,,Nogales,Quillota,Valparaíso,6,05 Valparaíso,2026-09-09 16:13:00,miércoles,17,
882181920,2026,CARLOS REED,Extinguido,1,13,2026-07-06 14:19,2026-07-06 15:14,2026-07-06 15:20,2026-07-06 14:21,2026-07-06 14:22,2026-07-06 14:23,2026-07-06 14:23,2026-07-06 14:38,2026-07-06 14:40,"0,01",-33.42363739013672,-70.62455749511719,CONAF,Pastizal,,Providencia,Santiago,Metropolitana,7,13 Metropolitana,2026-07-06 14:19:00,lunes,15,
882329470,2026,SAN IGNACIO,Extinguido,2,13,2026-07-07 09:42,2026-07-07 11:07,2026-07-07 11:11,2026-07-07 09:44,2026-07-07 09:47,2026-07-07 09:50,2026-07-07 09:52,2026-07-07 09:54,2026-07-07 09:54,"0,01",-33.326942443847656,-70.69852447509766,CONAF,Desechos,,Quilicura,Santiago,Metropolitana,7,13 Metropolitana,2026-07-07 09:42:00,martes,10,
882511010,2026,CERRO LA BALLENA,Extinguido,3,13,2026-07-08 07:02,2026-07-08 11:09,2026-07-08 11:15,2026-07-08 07:07,2026-07-08 07:09,2026-07-08 07:09,2026-07-08 07:09,2026-07-08 07:11,2026-07-08 07:14,"0,80",-33.608612060546875,-70.54541778564453,CONAF,Pastizal,,Puente Alto,Cordillera,Metropolitana,7,13 Metropolitana,2026-07-08 07:02:00,miércoles,8,
893684133,2026,EL PARRON,Extinguido,4,13,2026-09-03 14:32,2026-09-03 15:14,2026-09-03 15:32,2026-09-03 14:34,2026-09-03 14:37,2026-09-03 14:38,2026-09-03 14:38,2026-09-03 14:49,2026-09-03 14:51,"0,02",-33.50638961791992,-71.0796127319336,CONAF,Pastizal,,María Pinto,Melipilla,Metropolitana,7,13 Metropolitana,2026-09-03 14:32:00,jueves,15,
895413768,2026,GEORGE WASHINGTON,Extinguido,7,5,2026-09-11 07:19,2026-09-11 08:20,2026-09-11 11:16,2026-09-11 07:22,2026-09-11 07:23,2026-09-11 07:24,2026-09-11 07:24,2026-09-11 07:32,2026-09-11 07:35,"0,01",-33.053409576416016,-71.60057067871094,CONAF,Matorral,,Valparaíso,Valparaíso,Valparaíso,6,05 Valparaíso,2026-09-11 07:19:00,viernes,8,
895877934,2026,CERRO LA PIEDRA,Extinguido,11,9,2026-09-12 20:15,2026-09-13 20:56,2026-09-13 20:58,2026-09-12 20:16,2026-09-12 20:17,2026-09-12 20:20,2026-09-12 20:21,2026-09-12 20:30,2026-09-13 20:31,"0,10",-39.24027633666992,-73.16194152832031,CONAF,Matorral,,Toltén,Cautín,La Araucanía,12,09 La Araucanía,2026-09-12 20:15:00,sábado,21,
895929914,2026,CURACO,Extinguido,12,9,2026-09-13 15:00,2026-09-13 17:16,2026-09-14 08:56,2026-09-13 15:02,2026-09-13 15:02,2026-09-13 15:03,2026-09-13 15:03,2026-09-13 15:10,2026-09-13 15:11,"0,10",-38.559444427490234,-72.85610961914062,CONAF,Matorral,,Cholchol,Cautín,La Araucanía,12,09 La Araucanía,2026-09-13 15:00:00,domingo,16,
895939203,2026,LA MANRESA,Extinguido,7,13,2026-09-13 17:25,2026-09-13 20:39,2026-09-13 21:11,2026-09-13 17:27,2026-09-13 17:29,2026-09-13 17:29,2026-09-13 17:29,2026-09-13 19:19,2026-09-13 19:29,"2,50",-33.711612701416016,-71.01691436767578,CONAF,Matorral,,Talagante,Talagante,Metropolitana,7,13 Metropolitana,2026-09-13 17:25:00,domingo,18,
896092727,2026,COÑICO,Extinguido,1,10,2026-09-13 14:00,2026-09-14 11:29,2026-09-14 11:31,2026-09-13 14:10,2026-09-13 14:15,2026-09-13 14:16,2026-09-13 14:16,2026-09-13 14:33,2026-09-13 14:35,"4,20",-42.52250671386719,-73.68545532226562,CONAF,Pastizal,,Castro,Chiloé,Los Lagos,14,10 Los Lagos,2026-09-13 14:00:00,domingo,15,
896083172,2026,AERÓDROMO IBAÑEZ,Extinguido,1,11,2026-09-13 13:45,2026-09-13 14:30,2026-09-13 14:35,2026-09-13 13:46,2026-09-13 13:47,2026-09-13 13:48,2026-09-13 13:48,2026-09-13 13:52,2026-09-13 13:53,"0,43",-46.2912712097168,-71.94734954833984,CONAF,Pastizal,,Río Ibáñez,General Carrera,Aysén,15,11 Aysén,2026-09-13 13:45:00,domingo,14,
896182920,2026,CHOLCHOL KM 11,Extinguido,28,9,2026-09-13 20:30,2026-09-14 21:57,2026-09-14 21:57,2026-09-13 20:35,2026-09-13 20:36,2026-09-13 20:36,2026-09-14 20:37,2026-09-14 21:00,2026-09-14 21:00,"0,01",-38.65631866455078,-72.72958374023438,CONAF,Matorral,,Cholchol,Cautín,La Araucanía,12,09 La Araucanía,2026-09-13 20:30:00,domingo,21,
894153294,2026,LAS HORTENSIAS,Extinguido,3,9,2026-09-05 15:19,2026-09-05 16:40,2026-09-05 16:41,2026-09-05 15:19,2026-09-05 15:19,2026-09-05 15:20,2026-09-05 15:21,2026-09-05 15:25,2026-09-05 15:26,"0,02",-38.95833206176758,-72.1513900756836,CONAF,Pastizal,,Cunco,Cautín,La Araucanía,12,09 La Araucanía,2026-09-05 15:19:00,sábado,16,
896134277,2026,EL BOSQUE,Extinguido,15,9,2026-09-12 19:35,2026-09-12 20:04,2026-09-12 20:04,2026-09-12 19:35,2026-09-12 19:35,2026-09-12 19:35,2026-09-12 19:35,2026-09-12 19:45,2026-09-12 19:45,"0,01",-38.25316619873047,-72.33411407470703,CONAF,Matorral,,Victoria,Malleco,La Araucanía,12,09 La Araucanía,2026-09-12 19:35:00,sábado,20,
896148283,2026,PEDREGOSO 2,Extinguido,19,9,2026-09-14 15:10,2026-09-14 16:03,2026-09-14 17:06,2026-09-14 15:11,2026-09-14 15:12,2026-09-14 15:13,2026-09-14 15:15,2026-09-14 15:15,2026-09-14 15:15,"0,03",-38.5364990234375,-71.22977447509766,CONAF,Pastizal,,Lonquimay,Malleco,La Araucanía,12,09 La Araucanía,2026-09-14 15:10:00,lunes,16,
896326324,2026,EL NATRE KM 9,Extinguido,30,9,2026-09-14 20:14,2026-09-14 22:00,2026-09-14 22:00,2026-09-14 20:15,2026-09-14 20:16,2026-09-14 20:17,2026-09-14 20:17,2026-09-14 20:37,2026-09-14 20:37,"0,50",-38.70069885253906,-72.44178771972656,CONAF,Matorral,,Vilcún,Cautín,La Araucanía,12,09 La Araucanía,2026-09-14 20:14:00,lunes,21,
896340571,2026,FILOCO,Extinguido,32,9,2026-09-14 22:58,2026-09-14 23:45,2026-09-14 23:45,2026-09-14 22:59,2026-09-14 23:00,2026-09-14 23:01,2026-09-14 23:01,2026-09-14 23:20,2026-09-14 23:20,"0,01",-39.0323371887207,-72.81063842773438,CONAF,Matorral,,Pitrufquén,Cautín,La Araucanía,12,09 La Araucanía,2026-09-14 22:58:00,lunes,23,
896328483,2026,LOLOCURA,Extinguido,31,9,2026-09-14 21:00,2026-09-14 22:00,2026-09-14 22:02,2026-09-14 21:01,2026-09-14 21:02,2026-09-14 21:02,2026-09-14 21:12,2026-09-14 21:30,2026-09-14 21:30,"0,02",-38.704166412353516,-73.07250213623047,CONAF,Desechos,,Carahue,Cautín,La Araucanía,12,09 La Araucanía,2026-09-14 21:00:00,lunes,22,
896180573,2026,VEGA REDONDA,Extinguido,26,9,2026-09-14 16:55,2026-09-14 19:06,2026-09-14 19:06,2026-09-14 16:56,2026-09-14 16:57,2026-09-14 16:57,2026-09-14 17:34,2026-09-14 17:35,2026-09-14 17:35,"1,00",-38.58305740356445,-72.2780532836914,CONAF,Pastizal,,Vilcún,Cautín,La Araucanía,12,09 La Araucanía,2026-09-14 16:55:00,lunes,17,
896178263,2026,CONOCO GRANDE KM 10,Extinguido,24,9,2026-09-13 17:29,2026-09-13 18:40,2026-09-13 18:40,2026-09-13 17:30,2026-09-13 17:31,2026-09-13 17:33,2026-09-13 17:33,2026-09-13 17:50,2026-09-13 17:50,"0,01",-38.622650146484375,-72.75923156738281,CONAF,Matorral,,Temuco,Cautín,La Araucanía,12,09 La Araucanía,2026-09-13 17:29:00,domingo,18,
896174685,2026,CHAMICHACO,Extinguido,29,9,2026-09-14 16:57,2026-09-14 20:04,2026-09-15 09:31,2026-09-14 16:58,2026-09-14 16:59,2026-09-14 16:59,2026-09-14 18:00,2026-09-14 18:30,2026-09-14 18:30,"1,00",-38.1077766418457,-72.3700180053711,CONAF,Matorral,,Ercilla,Malleco,La Araucanía,12,09 La Araucanía,2026-09-14 16:57:00,lunes,17,
896168311,2026,COYAHUE KM 3,Extinguido,23,9,2026-09-12 22:27,2026-09-12 23:40,2026-09-12 23:40,2026-09-12 22:28,2026-09-12 22:30,2026-09-12 22:31,2026-09-12 22:31,2026-09-12 22:40,2026-09-12 22:40,"0,50",-38.78325653076172,-72.58723449707031,CONAF,Matorral,,Padre Las Casas,Cautín,La Araucanía,12,09 La Araucanía,2026-09-12 22:27:00,sábado,23,
896165703,2026,LA SERENA KM 4,Extinguido,22,9,2026-09-12 20:00,2026-09-12 21:00,2026-09-12 21:00,2026-09-12 20:03,2026-09-12 20:04,2026-09-12 20:05,2026-09-12 20:05,2026-09-12 20:15,2026-09-12 20:15,"0,50",-38.64100646972656,-72.65362548828125,CONAF,Matorral,,Temuco,Cautín,La Araucanía,12,09 La Araucanía,2026-09-12 20:00:00,sábado,21,
896162879,2026,MAQUEHUE KM 4,Extinguido,21,9,2026-09-12 08:50,2026-09-12 10:15,2026-09-12 10:15,2026-09-12 08:51,2026-09-12 08:52,2026-09-12 08:53,2026-09-12 08:54,2026-09-12 09:20,2026-09-12 09:20,"0,01",-38.798057556152344,-72.66638946533203,CONAF,Matorral,,Padre Las Casas,Cautín,La Araucanía,12,09 La Araucanía,2026-09-12 08:50:00,sábado,9,
896152692,2026,MONOPAINE KM 15,Extinguido,20,9,2026-09-12 18:25,2026-09-12 19:15,2026-09-12 19:15,2026-09-12 18:26,2026-09-12 18:27,2026-09-12 18:28,2026-09-12 18:28,2026-09-12 18:40,2026-09-12 18:40,"0,01",-38.823890686035156,-72.71855163574219,CONAF,Matorral,,Padre Las Casas,Cautín,La Araucanía,12,09 La Araucanía,2026-09-12 18:25:00,sábado,19,
896139032,2026,PANCUL MAÑIO,Extinguido,17,9,2026-09-13 20:40,2026-09-13 23:35,2026-09-13 23:35,2026-09-13 20:50,2026-09-13 20:53,2026-09-13 20:55,2026-09-13 20:55,2026-09-13 21:00,2026-09-13 21:00,"1,00",-38.82194519042969,-73.0352783203125,CONAF,Matorral,,Nueva Imperial,Cautín,La Araucanía,12,09 La Araucanía,2026-09-13 20:40:00,domingo,21,
896136316,2026,PUENTE NEGRO,Extinguido,16,9,2026-09-12 00:08,2026-09-12 01:30,2026-09-12 01:30,2026-09-12 00:09,2026-09-12 00:10,2026-09-12 00:11,2026-09-12 00:11,2026-09-12 00:20,2026-09-12 00:20,"0,30",-38.81611251831055,-73.05750274658203,CONAF,Matorral,,Nueva Imperial,Cautín,La Araucanía,12,09 La Araucanía,2026-09-12 00:08:00,sábado,1,
896123160,2026,BLANCO LEPIN,Extinguido,13,9,2026-09-13 20:40,2026-09-13 22:30,2026-09-13 22:30,2026-09-13 20:41,2026-09-13 20:43,2026-09-13 20:45,2026-09-13 20:45,2026-09-13 21:00,2026-09-13 21:00,"0,01",-38.626251220703125,-72.41055297851562,CONAF,Matorral,,Lautaro,Cautín,La Araucanía,12,09 La Araucanía,2026-09-13 20:40:00,domingo,21,
896132778,2026,PEDREGOSO,Extinguido,14,9,2026-09-14 12:30,2026-09-14 16:03,2026-09-14 17:06,2026-09-14 12:31,2026-09-14 12:32,2026-09-14 12:55,2026-09-14 12:56,2026-09-14 13:45,2026-09-14 13:45,"0,01",-38.53441619873047,-71.23616790771484,CONAF,Pastizal,,Lonquimay,Malleco,La Araucanía,12,09 La Araucanía,2026-09-14 12:30:00,lunes,13,
896147726,2026,ARAUCO,Extinguido,18,9,2026-09-13 17:30,2026-09-13 20:45,2026-09-13 21:00,2026-09-13 17:30,2026-09-13 17:30,2026-09-13 17:31,2026-09-13 17:36,2026-09-13 17:50,2026-09-13 17:51,"2,00",-39.010276794433594,-72.84166717529297,CONAF,Desechos,,Freire,Cautín,La Araucanía,12,09 La Araucanía,2026-09-13 17:30:00,domingo,18,
896386449,2026,QUEBRADA HONDA,Extinguido,4,6,2026-09-15 12:56,2026-09-15 16:04,2026-09-15 17:15,2026-09-15 12:57,2026-09-15 12:57,2026-09-15 12:57,2026-09-15 12:57,2026-09-15 13:30,2026-09-15 13:30,"1,50",-34.4432487487793,-71.94355773925781,CONAF,Desechos,,Pichilemu,Cardenal Caro,O'Higgins,8,06 O'Higgins,2026-09-15 12:56:00,martes,13,
895509797,2026,EL HUINGAN,Extinguido,6,13,2026-09-11 15:10,2026-09-11 15:52,2026-09-11 16:06,2026-09-11 15:13,2026-09-11 15:15,2026-09-11 15:15,2026-09-11 15:16,2026-09-11 15:24,2026-09-11 15:24,"0,30",-33.563331604003906,-71.20027923583984,CONAF,Pastizal,,Melipilla,Melipilla,Metropolitana,7,13 Metropolitana,2026-09-11 15:10:00,viernes,16,
896414657,2026,SAN JUAN TROVOLHUE,Extinguido,35,9,2026-09-15 14:21,2026-09-15 17:26,2026-09-15 17:44,2026-09-15 14:22,2026-09-15 14:23,2026-09-15 14:24,2026-09-15 14:25,2026-09-15 14:53,2026-09-15 14:53,"0,30",-38.59918975830078,-73.34603881835938,CONAF,Arbolado natural,,Carahue,Cautín,La Araucanía,12,09 La Araucanía,2026-09-15 14:21:00,martes,15,
896403775,2026,FILOCO 2,Extinguido,34,9,2026-09-15 14:00,2026-09-15 17:07,2026-09-15 17:07,2026-09-15 14:01,2026-09-15 14:02,2026-09-15 14:19,2026-09-15 14:20,2026-09-15 14:44,2026-09-15 14:44,"0,20",-39.03388977050781,-72.80416870117188,CONAF,Desechos,,Pitrufquén,Cautín,La Araucanía,12,09 La Araucanía,2026-09-15 14:00:00,martes,15,
896431941,2026,PARQUE MALLINCO,Extinguido,8,13,2026-09-15 16:10,2026-09-15 17:14,2026-09-15 18:04,2026-09-15 16:13,2026-09-15 16:15,2026-09-15 16:17,2026-09-15 16:21,2026-09-15 17:05,2026-09-15 17:07,"0,10",-33.59111022949219,-70.8786392211914,CONAF,Pastizal,,Peñaflor,Talagante,Metropolitana,7,13 Metropolitana,2026-09-15 16:10:00,martes,17,
896432632,2026,KM 15 VALLE LLUTA 2026,Extinguido,9,15,2026-09-15 14:05,2026-09-15 16:26,2026-09-15 16:35,,2026-09-15 16:20,,,,,"0,05",-18.40521240234375,-70.15958404541016,CONAF,,,Arica,Arica,Arica y Parinacota,1,15 Arica y Parinacota,2026-09-15 14:05:00,martes,15,
896436251,2026,CHANQUIL,Extinguido,36,9,2026-09-15 16:48,2026-09-15 18:31,2026-09-16 08:52,2026-09-15 16:49,2026-09-15 16:50,2026-09-15 16:57,2026-09-15 16:58,2026-09-15 17:30,2026-09-15 17:30,"0,50",-38.641387939453125,-72.68472290039062,CONAF,Matorral,,Temuco,Cautín,La Araucanía,12,09 La Araucanía,2026-09-15 16:48:00,martes,17,
896405568,2026,DUQUECO CUEL,Extinguido,3,8,2026-09-15 15:12,2026-09-15 16:31,2026-09-15 17:02,2026-09-15 15:14,2026-09-15 15:15,2026-09-15 15:16,2026-09-15 15:16,2026-09-15 15:56,2026-09-15 16:05,"0,40",-37.55144500732422,-72.52955627441406,CONAF,Matorral,,Los Angeles,Biobio,Biobío,11,08 Biobío,2026-09-15 15:12:00,martes,16,
896585849,2026,PANCO,Extinguido,38,9,2026-09-15 19:06,2026-09-15 20:39,2026-09-15 20:39,2026-09-15 19:07,2026-09-15 19:08,2026-09-15 19:09,2026-09-15 19:10,2026-09-15 19:30,2026-09-15 19:30,"0,50",-38.63972091674805,-72.6624984741211,CONAF,Matorral,,Temuco,Cautín,La Araucanía,12,09 La Araucanía,2026-09-15 19:06:00,martes,20,
896595978,2026,CAMINO NIAGARA KM 8,Extinguido,39,9,2026-09-15 23:00,2026-09-16 00:32,2026-09-16 00:32,2026-09-15 23:01,2026-09-15 23:02,2026-09-15 23:03,2026-09-15 23:03,2026-09-15 23:21,2026-09-15 23:21,"0,30",-38.75666809082031,-72.49972534179688,CONAF,Pastizal,,Padre Las Casas,Cautín,La Araucanía,12,09 La Araucanía,2026-09-15 23:00:00,martes,0,
896599367,2026,LAS MERCEDES,Extinguido,40,9,2026-09-15 20:27,2026-09-15 21:28,2026-09-15 21:28,2026-09-15 20:28,2026-09-15 20:30,2026-09-15 20:30,2026-09-15 20:31,2026-09-15 20:45,2026-09-15 20:45,"0,50",-38.66222381591797,-72.02222442626953,CONAF,Desechos,,Vilcún,Cautín,La Araucanía,12,09 La Araucanía,2026-09-15 20:27:00,martes,21,
896597306,2026,PASO LOS NEGROS//BB,Extinguido,4,8,2026-09-14 14:46,2026-09-14 15:15,2026-09-14 15:20,2026-09-14 14:48,2026-09-14 14:49,2026-09-14 14:50,2026-09-14 14:50,2026-09-14 15:00,2026-09-14 15:01,"0,60",-37.72944259643555,-73.4222183227539,CONAF,Matorral,,Cañete,Arauco,Biobío,11,08 Biobío,2026-09-14 14:46:00,lunes,15,
896164039,2026,LAGO BROWN,Extinguido,2,11,2026-09-14 13:33,,2026-09-16 12:27,,2026-09-14 13:33,,,,,"10,00",-47.321292877197266,-72.17569732666016,CONAF,,,Cochrane,Capitán Prat,Aysén,15,11 Aysén,2026-09-14 13:33:00,lunes,14,
896646565,2026,BAJADA DE PIEDRA,Extinguido,41,9,2026-09-16 12:37,2026-09-16 13:36,2026-09-16 13:36,2026-09-16 12:38,2026-09-16 12:39,2026-09-16 12:39,2026-09-16 12:39,2026-09-16 12:45,2026-09-16 12:45,"0,50",-38.99859619140625,-72.68334197998047,CONAF,Matorral,,Pitrufquén,Cautín,La Araucanía,12,09 La Araucanía,2026-09-16 12:37:00,miércoles,13,
896404243,2026,COMUNIDAD COÑA,Extinguido,33,9,2026-09-15 13:34,2026-09-15 13:58,2026-09-15 13:58,2026-09-15 13:35,2026-09-15 13:36,2026-09-15 13:37,2026-09-15 13:38,2026-09-15 13:45,2026-09-15 13:45,"0,01",-39.00027847290039,-72.63749694824219,CONAF,Matorral,,Pitrufquén,Cautín,La Araucanía,12,09 La Araucanía,2026-09-15 13:34:00,martes,14,
896701760,2026,CHIAPA,Extinguido,4,1,2026-09-14 23:00,2026-09-15 04:55,2026-09-15 04:56,2026-09-14 23:56,2026-09-14 23:57,2026-09-15 00:45,2026-09-15 00:50,2026-09-15 01:30,2026-09-15 01:45,"0,50",-19.5826416015625,-69.20142364501953,CONAF,Pastizal,Volcán Isluga,Huara,Tamarugal,Tarapacá,2,01 Tarapacá,2026-09-14 23:00:00,lunes,0,
896873402,2026,PANCUL,Extinguido,43,9,2026-09-16 20:26,2026-09-16 21:42,2026-09-16 21:42,2026-09-16 20:27,2026-09-16 20:28,2026-09-16 20:28,2026-09-16 20:32,2026-09-16 20:38,2026-09-16 20:38,"0,02",-38.75181579589844,-73.0849838256836,CONAF,Pastizal,,Carahue,Cautín,La Araucanía,12,09 La Araucanía,2026-09-16 20:26:00,miércoles,21,
896873089,2026,HACIENDA SANTA MARIA,Extinguido,42,9,2026-09-16 21:20,2026-09-16 22:28,2026-09-16 22:28,2026-09-16 21:22,2026-09-16 21:25,2026-09-16 21:25,2026-09-16 21:25,2026-09-16 21:41,2026-09-16 21:41,"0,01",-38.75688934326172,-72.7734146118164,CONAF,Matorral,,Temuco,Cautín,La Araucanía,12,09 La Araucanía,2026-09-16 21:20:00,miércoles,22,
896922637,2026,EL ROSARIO,Extinguido,9,13,2026-09-17 12:42,2026-09-17 13:44,2026-09-17 14:13,2026-09-17 12:45,2026-09-17 12:49,2026-09-17 12:50,2026-09-17 12:50,2026-09-17 13:09,2026-09-17 13:09,"0,03",-33.48583221435547,-71.12689208984375,CONAF,Arbolado natural,,María Pinto,Melipilla,Metropolitana,7,13 Metropolitana,2026-09-17 12:42:00,jueves,13,
894749662,2026,CHADA,Extinguido,6,9,2026-09-07 12:38,2026-09-07 13:14,2026-09-07 13:14,2026-09-07 12:40,2026-09-07 12:41,2026-09-07 12:41,2026-09-07 12:41,2026-09-07 12:47,2026-09-07 12:47,"0,01",-39.024932861328125,-72.66251373291016,CONAF,Matorral,,Pitrufquén,Cautín,La Araucanía,12,09 La Araucanía,2026-09-07 12:38:00,lunes,13,
896179781,2026,EL VADO,Extinguido,25,9,2026-09-14 16:53,2026-09-14 18:10,2026-09-14 18:10,2026-09-14 16:53,2026-09-14 16:53,2026-09-14 16:53,2026-09-14 16:53,2026-09-14 17:10,2026-09-14 17:10,"0,01",-39.13083267211914,-72.65721893310547,CONAF,Matorral,,Gorbea,Cautín,La Araucanía,12,09 La Araucanía,2026-09-14 16:53:00,lunes,17,
895270467,2026,COIHUE CURACO,Extinguido,9,9,2026-09-10 15:30,2026-09-10 17:04,2026-09-11 19:00,2026-09-10 15:31,2026-09-10 15:32,2026-09-10 15:32,2026-09-10 15:33,2026-09-10 15:40,2026-09-10 15:40,"1,00",-38.61555480957031,-72.82027435302734,CONAF,Pastizal,,Cholchol,Cautín,La Araucanía,12,09 La Araucanía,2026-09-10 15:30:00,jueves,16,
895268639,2026,CHAPOD MAQUEHUE,Extinguido,8,9,2026-09-10 15:20,2026-09-10 15:55,2026-09-10 15:55,2026-09-10 15:23,2026-09-10 15:24,2026-09-10 15:25,2026-09-10 15:25,2026-09-10 15:40,2026-09-10 15:40,"0,01",-38.79694366455078,-72.73462677001953,CONAF,Matorral,,Padre Las Casas,Cautín,La Araucanía,12,09 La Araucanía,2026-09-10 15:20:00,jueves,16,
894576576,2026,LA VICTORIA,Extinguido,5,9,2026-09-07 17:35,2026-09-07 18:36,2026-09-07 18:36,2026-09-07 17:35,2026-09-07 17:35,2026-09-07 17:35,2026-09-07 17:35,2026-09-07 17:51,2026-09-07 17:51,"0,10",-38.68849182128906,-72.2266845703125,CONAF,Matorral,,Vilcún,Cautín,La Araucanía,12,09 La Araucanía,2026-09-07 17:35:00,lunes,18,
896737268,2026,ESPIGADO - LA GENERALA,Extinguido,5,8,2026-09-16 17:49,2026-09-17 11:05,2026-09-17 11:05,2026-09-16 17:51,2026-09-16 17:52,2026-09-16 17:53,2026-09-16 17:54,2026-09-16 19:07,2026-09-17 19:08,"0,24",-37.406944274902344,-72.97750091552734,CONAF,Desechos,,Santa Juana,Concepción,Biobío,11,08 Biobío,2026-09-16 17:49:00,miércoles,18,
896950219,2026,CAMINO EL NOVICIADO,Extinguido,10,13,2026-09-17 14:42,2026-09-17 16:14,2026-09-17 16:40,2026-09-17 14:44,2026-09-17 14:46,2026-09-17 14:46,2026-09-17 14:53,2026-09-17 15:40,2026-09-17 15:40,"0,80",-33.32472229003906,-70.82219696044922,CONAF,Pastizal,,Lampa,Chacabuco,Metropolitana,7,13 Metropolitana,2026-09-17 14:42:00,jueves,15,
897153487,2026,TRUF TRUF,Extinguido,44,9,2026-09-17 21:45,2026-09-17 22:00,2026-09-17 23:13,2026-09-17 21:46,2026-09-17 21:47,2026-09-17 21:48,2026-09-17 21:48,2026-09-17 21:56,2026-09-17 21:56,"0,20",-38.749446868896484,-72.548828125,CONAF,Matorral,,Padre Las Casas,Cautín,La Araucanía,12,09 La Araucanía,2026-09-17 21:45:00,jueves,22,
881636274,2026,COMUY,Extinguido,1,14,2026-07-02 15:51,2026-07-03 15:57,2026-07-10 15:02,2026-07-02 15:54,2026-07-02 15:55,2026-07-02 15:55,2026-07-02 15:55,2026-07-02 16:08,2026-07-02 16:08,"1,50",-40.253501892089844,-72.20097351074219,CONAF,Matorral,,Lago Ranco,Ranco,Los Ríos,13,14 Los Ríos,2026-07-02 15:51:00,jueves,16,
897170480,2026,LICANCO GRANDE,Extinguido,45,9,2026-09-17 23:15,2026-09-18 00:01,2026-09-18 00:17,2026-09-17 23:15,2026-09-17 23:15,2026-09-17 23:24,2026-09-17 23:25,2026-09-17 23:30,2026-09-17 23:31,"0,10",-38.78982925415039,-72.62266540527344,CONAF,Matorral,,Padre Las Casas,Cautín,La Araucanía,12,09 La Araucanía,2026-09-17 23:15:00,jueves,0,
897241956,2026,PENCAHUE,Extinguido,5,6,2026-09-18 16:35,2026-09-18 18:40,2026-09-19 11:32,2026-09-18 16:38,2026-09-18 16:40,2026-09-18 16:41,2026-09-18 16:41,2026-09-18 16:56,2026-09-18 17:00,"0,70",-34.44591522216797,-71.126953125,CONAF,Pastizal,,San Vicente,Cachapoal,O'Higgins,8,06 O'Higgins,2026-09-18 16:35:00,viernes,17,
894535216,2026,LO MARIN,Extinguido,5,13,2026-09-07 14:20,2026-09-07 16:15,2026-09-07 16:22,2026-09-07 14:24,2026-09-07 14:28,2026-09-07 14:40,2026-09-07 14:40,2026-09-07 15:50,2026-09-07 15:52,"0,01",-32.97639083862305,-70.97777557373047,CONAF,Otros,,Tiltil,Chacabuco,Metropolitana,7,13 Metropolitana,2026-09-07 14:20:00,lunes,15,
897442888,2026,MARTIN LUTERO - CAMINO LIRCAY,Extinguido,46,9,2026-09-18 19:55,2026-09-18 20:30,2026-09-18 20:30,2026-09-18 19:56,2026-09-18 19:57,2026-09-18 20:00,2026-09-18 20:00,2026-09-18 20:07,2026-09-18 20:08,"0,02",-38.72222137451172,-72.65638732910156,CONAF,Pastizal,,Temuco,Cautín,La Araucanía,12,09 La Araucanía,2026-09-18 19:55:00,viernes,20,
897458267,2026,QUEIPUL,Extinguido,48,9,2026-09-18 21:00,2026-09-18 21:30,2026-09-18 21:35,2026-09-18 21:01,2026-09-18 21:02,2026-09-18 21:03,2026-09-18 21:04,2026-09-18 21:13,2026-09-18 21:13,"0,05",-38.266944885253906,-72.33944702148438,CONAF,Matorral,,Victoria,Malleco,La Araucanía,12,09 La Araucanía,2026-09-18 21:00:00,viernes,22,
897472467,2026,CAMINO ZANJA MAQUEHUE PARADERO 19,Extinguido,49,9,2026-09-19 13:30,2026-09-19 15:43,2026-09-19 15:44,2026-09-19 13:31,2026-09-19 13:32,2026-09-19 13:33,2026-09-19 13:34,2026-09-19 13:50,2026-09-19 13:50,"1,00",-38.799034118652344,-72.72802734375,CONAF,Matorral,,Padre Las Casas,Cautín,La Araucanía,12,09 La Araucanía,2026-09-19 13:30:00,sábado,14,
897512392,2026,RENGALIL,Extinguido,53,9,2026-09-19 15:57,2026-09-19 17:09,2026-09-19 17:11,2026-09-19 15:58,2026-09-19 15:59,2026-09-19 16:00,2026-09-19 16:02,2026-09-19 16:10,2026-09-19 16:12,"0,50",-38.75850296020508,-72.81574249267578,CONAF,Matorral,,Temuco,Cautín,La Araucanía,12,09 La Araucanía,2026-09-19 15:57:00,sábado,16,
897494708,2026,RENACO 2,Extinguido,51,9,2026-09-19 15:04,2026-09-19 16:02,2026-09-19 16:17,2026-09-19 15:05,2026-09-19 15:06,2026-09-19 15:06,2026-09-19 15:07,2026-09-19 15:07,2026-09-19 15:25,"0,10",-38.59583282470703,-72.7669448852539,CONAF,Matorral,,Cholchol,Cautín,La Araucanía,12,09 La Araucanía,2026-09-19 15:04:00,sábado,16,
896447674,2026,MAHUIDANCHE,Extinguido,37,9,2026-09-15 17:00,2026-09-15 17:30,2026-09-15 17:46,2026-09-15 17:01,2026-09-15 17:02,2026-09-15 17:22,2026-09-15 17:22,2026-09-15 17:29,2026-09-15 17:29,"0,01",-39.09694290161133,-72.87388610839844,CONAF,Pastizal,,Pitrufquén,Cautín,La Araucanía,12,09 La Araucanía,2026-09-15 17:00:00,martes,18,
896180621,2026,CONOCO GRANDE KM 10 2,Extinguido,27,9,2026-09-13 18:05,2026-09-14 18:36,2026-09-14 18:37,2026-09-13 18:07,2026-09-13 18:08,2026-09-13 18:10,2026-09-13 18:10,2026-09-13 18:30,2026-09-14 18:30,"0,50",-38.62255096435547,-72.75921630859375,CONAF,Matorral,,Temuco,Cautín,La Araucanía,12,09 La Araucanía,2026-09-13 18:05:00,domingo,19,
897455663,2026,AGUA LOS CHOROS,Extinguido,47,9,2026-09-19 12:00,2026-09-19 13:28,2026-09-19 13:28,2026-09-19 12:01,2026-09-19 12:02,2026-09-19 12:03,2026-09-19 12:03,2026-09-19 12:17,2026-09-19 12:17,"0,05",-38.738609313964844,-73.13128662109375,CONAF,Matorral,,Carahue,Cautín,La Araucanía,12,09 La Araucanía,2026-09-19 12:00:00,sábado,13,
897481487,2026,RENACO,Extinguido,50,9,2026-09-19 13:45,2026-09-19 15:12,2026-09-19 15:16,2026-09-19 13:46,2026-09-19 13:47,2026-09-19 13:48,2026-09-19 14:09,2026-09-19 14:09,2026-09-19 14:26,"1,00",-38.60152816772461,-72.79052734375,CONAF,Matorral,,Cholchol,Cautín,La Araucanía,12,09 La Araucanía,2026-09-19 13:45:00,sábado,14,
897510347,2026,CHANQUIL 2,Extinguido,52,9,2026-09-19 15:58,2026-09-19 16:41,2026-09-19 16:46,2026-09-19 15:59,2026-09-19 16:00,2026-09-19 16:02,2026-09-19 16:02,2026-09-19 16:12,2026-09-19 16:13,"0,05",-38.651668548583984,-72.67527770996094,CONAF,Matorral,,Temuco,Cautín,La Araucanía,12,09 La Araucanía,2026-09-19 15:58:00,sábado,16,
897510358,2026,LAS DELICIAS,En combate,6,6,2026-09-19 15:33,,,2026-09-19 15:35,2026-09-19 15:36,2026-09-19 15:37,2026-09-19 15:44,2026-09-19 16:23,2026-09-20 10:37,"0,01",-34.14266586303711,-70.63888549804688,CONAF,,,Codegua,Cachapoal,O'Higgins,8,06 O'Higgins,2026-09-19 15:33:00,sábado,16,
